{
  "project_info": {
    "project_number": "564809754830",
    "project_id": "clubzila",
    "storage_bucket": "clubzila.appspot.com"
  },
  "client": [
    {
      "client_info": {
        "mobilesdk_app_id": "1:564809754830:android:2576dceacb1018f83a489f",
        "android_client_info": {
          "package_name": "com.jobstripple.josaha"
        }
      },
      "oauth_client": [
        {
          "client_id": "564809754830-0f61v0satunc6ljgjc78in0flr7o4ro2.apps.googleusercontent.com",
          "client_type": 3
        }
      ],
      "api_key": [
        {
          "current_key": "AIzaSyDmoBEFxrUG0u9OC9bwkChS_XqqgDpvgvQ"
        }
      ],
      "services": {
        "appinvite_service": {
          "other_platform_oauth_client": [
            {
              "client_id": "564809754830-0f61v0satunc6ljgjc78in0flr7o4ro2.apps.googleusercontent.com",
              "client_type": 3
            }
          ]
        }
      }
    }
  ],
  "configuration_version": "1"
}